time,avg_temp_CÂ°,precipitation_mm,windspeed_km/h
2017-01-01,7.9,0.0,9.8
2017-01-02,4.9,7.4,20.3
2017-01-03,5.8,10.9,26.9
2017-01-04,7.1,0.0,19.5
2017-01-05,-0.1,0.0,22.0
2017-01-06,-0.1,1.5,9.8
2017-01-07,-3.3,8.1,12.9
2017-01-08,-4.8,0.0,8.8
2017-01-09,-6.1,0.0,13.5
2017-01-10,-0.3,0.0,9.8
2017-01-11,7.8,14.5,11.3
2017-01-12,13.5,2.3,15.9
2017-01-13,8.9,0.0,9.0
2017-01-14,0.2,2.5,10.1
2017-01-15,2.0,0.0,9.7
2017-01-16,3.1,0.0,8.5
2017-01-17,4.3,13.5,13.2
2017-01-18,4.6,1.0,15.1
2017-01-19,5.9,0.0,10.8
2017-01-20,5.7,3.6,7.3
2017-01-21,6.8,0.0,10.3
2017-01-22,7.4,0.0,14.9
2017-01-23,6.3,31.5,35.6
2017-01-24,3.9,19.8,15.2
2017-01-25,7.1,0.0,8.3
2017-01-26,8.6,0.8,21.2
2017-01-27,5.6,0.0,30.2
2017-01-28,2.8,0.0,23.0
2017-01-29,3.9,0.0,14.4
2017-01-30,2.2,0.0,9.0
2017-01-31,-0.4,0.8,9.2
2017-02-01,5.1,0.0,15.4
2017-02-02,4.1,0.0,11.4
2017-02-03,-0.3,0.0,10.3
2017-02-04,-1.1,0.0,14.1
2017-02-05,2.8,0.0,17.9
2017-02-06,5.9,0.0,8.9
2017-02-07,4.4,6.9,16.9
2017-02-08,9.0,1.0,8.5
2017-02-09,-0.5,20.6,13.8
2017-02-10,-2.6,0.0,18.8
2017-02-11,4.1,0.0,7.7
2017-02-12,2.0,10.9,17.2
2017-02-13,2.4,0.0,10.3
2017-02-14,1.9,0.0,10.2
2017-02-15,4.2,0.0,5.7
2017-02-16,1.6,0.0,7.5
2017-02-17,2.2,0.0,9.2
2017-02-18,9.0,0.0,10.4
2017-02-19,14.3,0.0,8.2
2017-02-20,9.8,0.0,9.5
2017-02-21,4.1,0.0,11.5
2017-02-22,7.8,0.0,7.6
2017-02-23,12.0,0.0,6.8
2017-02-24,15.8,0.0,7.9
2017-02-25,12.7,13.7,9.4
2017-02-26,5.4,0.0,11.4
2017-02-27,6.6,0.0,12.8
2017-02-28,10.5,0.0,6.5
2017-03-01,15.2,4.1,13.2
2017-03-02,9.3,0.0,16.6
2017-03-03,1.8,0.0,11.2
2017-03-04,-2.8,0.0,9.4
2017-03-05,-2.1,0.0,7.0
2017-03-06,2.7,0.0,8.5
2017-03-07,8.4,2.3,7.2
2017-03-08,12.8,0.0,19.1
2017-03-09,13.0,0.0,16.4
2017-03-10,3.6,6.6,11.7
2017-03-11,-3.1,0.0,9.0
2017-03-12,-3.5,0.0,25.2
2017-03-13,-1.4,0.0,9.4
2017-03-14,-0.5,29.2,22.8
2017-03-15,-3.3,0.0,14.2
2017-03-16,0.6,0.0,13.6
2017-03-17,3.3,0.0,12.5
2017-03-18,2.8,1.3,19.2
2017-03-19,5.6,0.0,16.9
2017-03-20,6.8,0.0,8.2
2017-03-21,10.1,0.0,8.8
2017-03-22,4.1,0.0,7.0
2017-03-23,1.4,0.0,10.7
2017-03-24,6.8,0.0,14.4
2017-03-25,10.5,0.3,13.1
2017-03-26,5.1,1.3,21.1
2017-03-27,7.0,5.8,12.0
2017-03-28,6.7,25.1,16.5
2017-03-29,10.2,0.0,6.7
2017-03-30,6.9,0.5,10.7
2017-03-31,4.8,52.3,23.0
2017-04-01,6.2,0.5,15.0
2017-04-02,11.3,0.0,5.7
2017-04-03,11.5,1.0,7.3
2017-04-04,9.4,31.0,18.3
2017-04-05,10.1,0.0,8.8
2017-04-06,7.4,19.3,24.0
2017-04-07,7.8,0.0,19.0
2017-04-08,9.3,0.0,6.4
2017-04-09,12.1,0.0,7.2
2017-04-10,16.5,0.0,8.4
2017-04-11,18.9,0.0,8.9
2017-04-12,17.5,0.8,6.7
2017-04-13,13.9,0.0,5.4
2017-04-14,12.9,0.0,7.9
2017-04-15,12.9,0.0,7.0
2017-04-16,20.4,1.3,15.5
2017-04-17,19.4,0.0,8.0
2017-04-18,13.2,0.0,13.7
2017-04-19,9.4,0.0,16.6
2017-04-20,13.0,1.3,6.5
2017-04-21,10.9,3.6,17.2
2017-04-22,11.7,1.0,8.4
2017-04-23,12.2,0.0,10.0
2017-04-24,11.9,0.0,7.1
2017-04-25,11.5,22.4,31.4
2017-04-26,13.6,2.5,18.7
2017-04-27,15.8,0.0,6.6
2017-04-28,20.0,0.0,8.1
2017-04-29,22.8,4.1,8.4
2017-04-30,15.4,0.0,14.5
2017-05-01,15.6,0.0,10.8
2017-05-02,20.5,0.0,19.0
2017-05-03,16.6,0.0,13.0
2017-05-04,13.3,0.0,14.2
2017-05-05,13.4,77.5,20.9
2017-05-06,15.4,2.5,15.1
2017-05-07,11.7,0.0,17.7
2017-05-08,11.8,0.0,10.0
2017-05-09,12.9,0.0,12.0
2017-05-10,13.6,0.0,9.2
2017-05-11,13.1,0.0,9.2
2017-05-12,12.7,0.0,10.3
2017-05-13,10.4,45.5,20.3
2017-05-14,14.0,2.3,7.1
2017-05-15,16.4,0.0,6.6
2017-05-16,19.8,0.0,10.2
2017-05-17,24.5,0.0,12.1
2017-05-18,27.6,0.0,13.0
2017-05-19,27.6,0.0,16.2
2017-05-20,16.6,0.0,17.5
2017-05-21,15.7,0.0,11.3
2017-05-22,14.4,17.8,8.6
2017-05-23,17.4,0.0,8.9
2017-05-24,16.8,1.0,13.4
2017-05-25,14.5,24.1,22.2
2017-05-26,18.3,3.8,8.8
2017-05-27,18.9,0.0,7.6
2017-05-28,17.8,0.0,12.2
2017-05-29,15.4,3.6,10.8
2017-05-30,14.3,4.6,11.3
2017-05-31,18.7,1.3,8.1
2017-06-01,21.4,0.0,13.4
2017-06-02,20.7,0.0,10.5
2017-06-03,19.3,0.8,7.8
2017-06-04,17.9,2.5,8.2
2017-06-05,17.7,1.3,12.7
2017-06-06,14.3,1.3,18.9
2017-06-07,16.1,0.0,12.5
2017-06-08,17.3,0.0,9.6
2017-06-09,20.9,0.0,9.3
2017-06-10,24.4,0.0,11.0
2017-06-11,27.1,0.0,12.4
2017-06-12,28.4,0.0,11.9
2017-06-13,28.8,0.0,10.0
2017-06-14,24.1,4.3,12.0
2017-06-15,21.2,0.0,12.2
2017-06-16,19.1,0.0,14.0
2017-06-17,20.4,31.5,8.5
2017-06-18,25.0,0.0,7.6
2017-06-19,27.4,38.4,22.3
2017-06-20,24.2,0.5,20.2
2017-06-21,25.7,0.0,18.0
2017-06-22,24.3,0.0,10.8
2017-06-23,27.1,10.4,20.5
2017-06-24,26.3,39.6,19.4
2017-06-25,25.6,0.0,13.0
2017-06-26,23.5,0.0,16.6
2017-06-27,21.7,3.8,13.0
2017-06-28,22.3,0.0,10.3
2017-06-29,23.8,0.0,14.8
2017-06-30,26.9,0.0,22.3
2017-07-01,25.4,11.9,9.9
2017-07-02,25.7,0.0,16.9
2017-07-03,27.2,0.0,8.1
2017-07-04,25.8,0.0,8.2
2017-07-05,25.0,0.0,13.5
2017-07-06,23.1,0.0,9.9
2017-07-07,22.9,54.6,13.4
2017-07-08,25.1,0.0,11.4
2017-07-09,24.8,0.0,8.2
2017-07-10,25.0,0.0,10.8
2017-07-11,26.4,1.0,10.2
2017-07-12,27.9,0.3,13.3
2017-07-13,28.1,0.8,11.4
2017-07-14,21.0,7.6,15.9
2017-07-15,24.9,0.3,7.5
2017-07-16,25.7,0.0,7.7
2017-07-17,25.8,0.0,8.9
2017-07-18,26.7,0.0,8.0
2017-07-19,29.0,0.0,10.1
2017-07-20,29.5,0.0,8.7
2017-07-21,28.9,0.0,11.3
2017-07-22,28.8,9.9,6.9
2017-07-23,24.3,1.3,8.7
2017-07-24,21.1,22.9,19.9
2017-07-25,20.2,0.3,14.6
2017-07-26,22.3,0.0,12.8
2017-07-27,22.8,0.0,9.1
2017-07-28,25.4,0.0,8.4
2017-07-29,23.4,0.0,22.7
2017-07-30,23.9,0.0,7.5
2017-07-31,25.7,0.0,8.3
2017-08-01,27.4,0.0,8.5
2017-08-02,24.7,25.1,6.4
2017-08-03,25.3,0.3,7.6
2017-08-04,25.3,21.6,13.9
2017-08-05,24.2,16.3,13.7
2017-08-06,22.4,0.0,8.6
2017-08-07,19.9,16.5,8.3
2017-08-08,21.2,0.0,13.0
2017-08-09,24.8,0.0,7.4
2017-08-10,24.5,0.0,9.5
2017-08-11,24.0,0.3,10.8
2017-08-12,22.8,3.0,8.7
2017-08-13,24.8,0.0,13.0
2017-08-14,24.9,0.0,8.7
2017-08-15,22.6,13.0,5.4
2017-08-16,26.3,0.0,5.4
2017-08-17,25.3,0.0,11.7
2017-08-18,25.0,17.3,7.8
2017-08-19,26.9,0.0,11.4
2017-08-20,25.9,0.0,7.0
2017-08-21,26.1,0.0,9.9
2017-08-22,27.3,17.8,14.0
2017-08-23,25.7,0.0,7.8
2017-08-24,24.3,0.0,5.8
2017-08-25,23.1,0.0,7.9
2017-08-26,23.1,0.0,9.4
2017-08-27,22.7,0.0,12.1
2017-08-28,21.6,0.0,14.2
2017-08-29,19.3,7.6,21.3
2017-08-30,21.7,0.0,12.7
2017-08-31,23.2,0.8,9.0
2017-09-01,19.1,0.0,8.8
2017-09-02,17.9,15.2,16.9
2017-09-03,18.7,12.2,16.8
2017-09-04,22.1,0.0,14.7
2017-09-05,24.3,0.8,16.6
2017-09-06,20.3,9.4,9.1
2017-09-07,19.5,0.8,17.4
2017-09-08,19.4,0.0,12.4
2017-09-09,17.3,0.0,17.3
2017-09-10,19.6,0.0,9.1
2017-09-11,20.7,0.0,6.4
2017-09-12,22.2,0.0,3.7
2017-09-13,21.9,4.3,8.7
2017-09-14,23.6,0.0,7.4
2017-09-15,23.9,0.0,6.4
2017-09-16,23.5,0.0,7.1
2017-09-17,22.9,0.0,7.6
2017-09-18,21.8,0.0,16.1
2017-09-19,22.7,1.0,23.3
2017-09-20,24.2,0.0,8.5
2017-09-21,24.7,0.0,9.0
2017-09-22,24.4,0.0,11.3
2017-09-23,26.2,0.0,5.9
2017-09-24,26.7,0.0,3.2
2017-09-25,25.5,0.0,6.4
2017-09-26,23.6,0.0,9.1
2017-09-27,25.7,0.0,11.2
2017-09-28,23.6,0.0,7.2
2017-09-29,18.0,0.0,8.7
2017-09-30,17.2,0.0,9.2
2017-10-01,17.4,0.0,11.4
2017-10-02,18.9,0.0,9.7
2017-10-03,18.6,0.0,9.8
2017-10-04,19.4,0.0,14.7
2017-10-05,22.5,0.0,16.1
2017-10-06,23.0,0.0,7.6
2017-10-07,23.1,0.0,8.8
2017-10-08,23.5,5.6,11.9
2017-10-09,23.3,6.6,9.3
2017-10-10,24.2,0.0,6.3
2017-10-11,21.6,0.3,14.5
2017-10-12,16.9,1.3,19.8
2017-10-13,16.5,0.0,16.9
2017-10-14,19.8,2.5,10.6
2017-10-15,20.6,0.0,13.5
2017-10-16,16.1,0.3,7.8
2017-10-17,12.4,0.0,10.3
2017-10-18,16.3,0.0,11.9
2017-10-19,17.9,0.0,13.8
2017-10-20,19.5,0.0,8.6
2017-10-21,20.1,0.0,5.6
2017-10-22,19.1,0.0,6.5
2017-10-23,20.0,0.0,10.6
2017-10-24,20.8,5.3,17.0
2017-10-25,17.7,0.0,7.6
2017-10-26,14.0,0.0,7.5
2017-10-27,13.7,0.0,11.0
2017-10-28,17.3,0.0,12.7
2017-10-29,17.8,98.0,15.5
2017-10-30,13.4,5.6,21.0
2017-10-31,12.3,0.0,17.9
2017-11-01,12.4,0.0,10.7
2017-11-02,17.2,0.0,10.1
2017-11-03,18.7,0.0,9.4
2017-11-04,12.4,0.0,14.1
2017-11-05,14.5,1.3,14.5
2017-11-06,16.2,0.0,10.5
2017-11-07,8.8,17.5,13.8
2017-11-08,8.7,0.0,15.2
2017-11-09,10.8,0.0,12.3
2017-11-10,5.0,0.3,11.4
2017-11-11,1.9,0.0,8.7
2017-11-12,6.0,0.0,7.5
2017-11-13,8.2,2.3,11.9
2017-11-14,7.1,0.0,11.8
2017-11-15,8.7,0.0,12.4
2017-11-16,11.3,3.8,13.4
2017-11-17,7.7,0.0,8.0
2017-11-18,8.1,3.0,10.4
2017-11-19,11.4,6.6,14.1
2017-11-20,6.6,0.0,20.1
2017-11-21,10.3,0.0,15.3
2017-11-22,10.1,3.0,6.9
2017-11-23,4.3,0.0,10.0
2017-11-24,6.6,0.0,10.0
2017-11-25,10.0,0.0,11.6
2017-11-26,9.0,0.0,18.4
2017-11-27,8.2,0.0,10.7
2017-11-28,8.6,0.0,13.0
2017-11-29,12.0,0.0,12.8
2017-11-30,8.7,0.5,12.3
2017-12-01,10.0,0.0,7.8
2017-12-02,7.8,0.0,8.2
2017-12-03,8.8,0.0,7.7
2017-12-04,8.9,0.0,7.6
2017-12-05,13.2,7.9,10.9
2017-12-06,8.2,0.0,18.6
2017-12-07,5.9,0.0,20.1
2017-12-08,3.5,0.0,13.6
2017-12-09,2.2,9.4,9.6
2017-12-10,2.3,0.0,18.5
2017-12-11,4.0,0.0,14.9
2017-12-12,6.1,0.0,18.4
2017-12-13,-1.5,0.0,18.0
2017-12-14,-0.6,2.0,8.9
2017-12-15,-3.4,2.5,10.6
2017-12-16,0.5,0.0,17.6
2017-12-17,2.9,0.0,7.7
2017-12-18,5.5,1.0,11.6
2017-12-19,9.8,0.0,18.1
2017-12-20,7.3,0.0,8.7
2017-12-21,3.5,0.0,8.9
2017-12-22,6.0,0.0,12.0
2017-12-23,7.3,13.0,14.1
2017-12-24,4.6,0.0,13.5
2017-12-25,2.3,5.1,24.1
2017-12-26,-2.0,0.0,17.2
2017-12-27,-4.4,0.0,9.7
2017-12-28,-7.2,0.0,10.5
2017-12-29,-6.9,0.0,11.2
2017-12-30,-5.3,0.8,12.2
2017-12-31,-8.4,0.0,24.1
2018-01-01,-8.6,0.0,9.6
2018-01-02,-6.0,0.0,19.9
2018-01-03,-4.0,0.0,13.0
2018-01-04,-2.9,18.0,10.5
2018-01-05,-8.1,0.0,9.1
2018-01-06,-9.8,0.0,13.7
2018-01-07,-9.1,0.0,13.4
2018-01-08,-3.6,0.0,17.4
2018-01-09,2.6,0.0,9.4
2018-01-10,2.5,0.0,7.5
2018-01-11,6.6,0.0,6.4
2018-01-12,13.2,14.0,8.9
2018-01-13,3.7,1.5,8.7
2018-01-14,-5.2,0.0,13.3
2018-01-15,-3.5,0.0,23.2
2018-01-16,-1.6,0.0,8.6
2018-01-17,0.7,5.8,9.4
2018-01-18,-4.0,0.0,18.4
2018-01-19,-1.5,0.0,13.7
2018-01-20,4.6,0.0,19.8
2018-01-21,6.4,0.0,7.9
2018-01-22,7.8,0.3,9.4
2018-01-23,8.8,6.4,17.3
2018-01-24,5.7,0.0,24.5
2018-01-25,-1.5,0.0,22.3
2018-01-26,-0.8,0.0,7.9
2018-01-27,4.2,0.0,15.8
2018-01-28,10.7,5.1,10.8
2018-01-29,5.7,0.0,23.0
2018-01-30,0.7,1.3,10.8
2018-01-31,-3.7,0.0,17.3
2018-02-01,3.5,0.5,9.7
2018-02-02,-1.2,3.6,8.7
2018-02-03,-3.7,0.0,18.2
2018-02-04,3.1,20.6,10.4
2018-02-05,1.6,0.0,10.2
2018-02-06,0.3,0.0,8.8
2018-02-07,2.1,23.9,19.0
2018-02-08,-0.2,0.0,11.2
2018-02-09,0.0,0.0,11.3
2018-02-10,6.6,16.3,5.5
2018-02-11,10.6,30.2,8.5
2018-02-12,8.4,0.0,8.7
2018-02-13,0.3,0.0,14.0
2018-02-14,6.0,1.3,9.8
2018-02-15,10.1,2.8,9.1
2018-02-16,10.5,1.5,7.9
2018-02-17,1.8,12.2,11.2
2018-02-18,4.8,0.0,6.5
2018-02-19,6.5,1.5,7.3
2018-02-20,11.6,0.0,13.7
2018-02-21,17.3,0.0,10.3
2018-02-22,7.5,3.8,19.4
2018-02-23,3.9,1.3,14.4
2018-02-24,7.9,1.5,9.1
2018-02-25,6.0,24.9,17.2
2018-02-26,7.9,0.0,8.6
2018-02-27,8.3,0.0,8.1
2018-02-28,9.8,0.0,10.5
2018-03-01,10.8,13.0,11.1
2018-03-02,3.8,48.0,13.6
2018-03-03,5.8,0.0,8.7
2018-03-04,5.2,0.0,10.7
2018-03-05,3.8,0.0,8.7
2018-03-06,4.8,0.0,10.6
2018-03-07,2.1,21.6,19.1
2018-03-08,3.0,0.0,11.9
2018-03-09,2.6,0.0,21.7
2018-03-10,2.9,0.0,14.4
2018-03-11,3.3,0.0,15.1
2018-03-12,4.1,1.0,19.8
2018-03-13,3.0,6.6,9.9
2018-03-14,2.2,0.0,24.9
2018-03-15,4.1,0.0,18.6
2018-03-16,3.0,0.0,10.1
2018-03-17,3.7,0.0,10.4
2018-03-18,4.0,0.0,7.9
2018-03-19,5.2,0.0,9.7
2018-03-20,2.4,0.0,21.4
2018-03-21,1.9,19.6,23.6
2018-03-22,5.3,1.3,6.3
2018-03-23,5.9,0.0,7.1
2018-03-24,6.7,0.0,8.5
2018-03-25,4.6,0.0,17.5
2018-03-26,4.1,0.0,12.6
2018-03-27,4.2,0.8,11.4
2018-03-28,6.2,0.8,8.0
2018-03-29,8.9,0.8,6.9
2018-03-30,10.8,0.5,5.7
2018-03-31,8.0,0.0,12.7
2018-04-01,10.2,0.0,9.5
2018-04-02,4.2,14.2,15.8
2018-04-03,4.9,5.8,11.1
2018-04-04,8.8,1.5,13.5
2018-04-05,4.9,0.0,13.9
2018-04-06,8.1,1.8,12.6
2018-04-07,7.4,0.0,9.1
2018-04-08,4.6,0.0,10.1
2018-04-09,4.2,0.0,10.0
2018-04-10,6.4,0.0,9.1
2018-04-11,6.1,0.0,10.1
2018-04-12,10.4,0.0,8.1
2018-04-13,18.9,0.0,15.2
2018-04-14,17.8,0.0,17.5
2018-04-15,6.0,11.2,29.4
2018-04-16,9.2,75.9,28.7
2018-04-17,6.8,0.0,20.5
2018-04-18,7.8,0.0,17.4
2018-04-19,7.3,3.0,10.7
2018-04-20,7.1,0.0,7.2
2018-04-21,10.7,0.0,8.0
2018-04-22,12.3,0.0,7.2
2018-04-23,12.0,0.0,7.1
2018-04-24,12.7,2.0,11.6
2018-04-25,12.8,21.6,14.5
2018-04-26,15.6,0.3,18.4
2018-04-27,12.4,2.5,11.8
2018-04-28,13.4,6.6,8.4
2018-04-29,12.1,1.0,6.8
2018-04-30,9.6,1.0,11.3
2018-05-01,17.3,0.0,10.2
2018-05-02,23.8,0.0,21.6
2018-05-03,27.1,0.0,19.8
2018-05-04,25.0,0.0,20.9
2018-05-05,22.4,0.0,18.4
2018-05-06,18.2,0.0,13.7
2018-05-07,17.2,0.0,11.9
2018-05-08,16.1,0.0,9.0
2018-05-09,16.9,0.0,8.6
2018-05-10,14.5,2.0,9.7
2018-05-11,19.1,0.0,16.9
2018-05-12,14.3,5.3,11.9
2018-05-13,12.1,6.4,11.1
2018-05-14,14.9,3.0,6.6
2018-05-15,20.1,10.9,8.8
2018-05-16,16.4,8.9,15.4
2018-05-17,16.3,8.4,8.2
2018-05-18,16.6,0.0,17.8
2018-05-19,12.8,18.3,17.7
2018-05-20,21.5,0.0,11.2
2018-05-21,19.8,0.0,8.5
2018-05-22,16.6,4.8,6.6
2018-05-23,20.6,6.1,6.5
2018-05-24,22.9,0.0,7.6
2018-05-25,23.7,0.0,14.9
2018-05-26,27.2,0.0,13.0
2018-05-27,18.3,22.1,17.6
2018-05-28,16.1,0.0,9.6
2018-05-29,23.0,0.0,9.0
2018-05-30,19.6,0.0,12.2
2018-05-31,18.6,0.3,9.5
2018-06-01,21.6,5.1,7.4
2018-06-02,25.1,1.3,14.8
2018-06-03,17.0,5.1,19.4
2018-06-04,16.9,2.8,12.2
2018-06-05,19.9,0.0,19.1
2018-06-06,18.1,0.0,9.4
2018-06-07,18.0,0.0,11.2
2018-06-08,21.8,0.0,14.0
2018-06-09,23.5,0.0,10.4
2018-06-10,20.2,1.5,9.0
2018-06-11,17.1,1.8,9.0
2018-06-12,18.2,0.0,12.2
2018-06-13,20.9,1.0,15.8
2018-06-14,24.8,0.0,24.1
2018-06-15,21.7,0.0,17.6
2018-06-16,23.4,0.0,12.2
2018-06-17,25.1,0.0,10.1
2018-06-18,26.2,3.6,19.4
2018-06-19,27.4,4.3,18.7
2018-06-20,24.2,1.8,10.4
2018-06-21,24.0,2.8,13.3
2018-06-22,21.1,3.6,13.3
2018-06-23,18.9,0.0,12.2
2018-06-24,23.6,0.3,13.3
2018-06-25,24.3,0.0,19.8
2018-06-26,21.9,0.0,14.8
2018-06-27,21.1,0.0,12.2
2018-06-28,24.1,12.7,13.3
2018-06-29,27.8,0.0,12.6
2018-06-30,29.2,0.0,11.2
2018-07-01,29.7,0.0,9.7
2018-07-02,30.4,0.0,9.4
2018-07-03,28.4,3.3,5.4
2018-07-04,26.7,0.0,7.2
2018-07-05,27.4,0.0,14.4
2018-07-06,25.5,6.9,20.5
2018-07-07,21.6,0.0,15.5
2018-07-08,22.9,0.0,8.6
2018-07-09,24.8,0.0,11.5
2018-07-10,27.3,0.0,14.4
2018-07-11,26.5,0.0,16.6
2018-07-12,24.7,0.0,10.8
2018-07-13,24.6,0.0,11.5
2018-07-14,26.5,1.5,16.9
2018-07-15,24.4,29.0,11.2
2018-07-16,27.6,0.0,13.7
2018-07-17,25.7,28.4,15.8
2018-07-18,24.9,0.0,19.4
2018-07-19,23.9,0.0,12.2
2018-07-20,23.9,0.0,10.8
2018-07-21,23.0,24.9,17.6
2018-07-22,23.1,15.2,21.2
2018-07-23,24.2,4.3,18.4
2018-07-24,25.3,0.0,20.2
2018-07-25,24.1,16.8,14.0
2018-07-26,24.6,0.3,14.0
2018-07-27,26.2,29.5,11.2
2018-07-28,24.3,0.0,7.6
2018-07-29,25.4,0.0,12.2
2018-07-30,24.3,0.0,8.3
2018-07-31,23.4,0.0,11.9
2018-08-01,26.2,2.3,19.8
2018-08-02,27.7,10.2,15.5
2018-08-03,26.3,13.7,11.9
2018-08-04,26.8,17.5,13.3
2018-08-05,29.0,0.0,9.4
2018-08-06,29.4,0.0,10.8
2018-08-07,28.0,3.3,13.7
2018-08-08,28.0,0.0,10.1
2018-08-09,28.5,0.3,15.5
2018-08-10,27.5,0.0,9.0
2018-08-11,24.1,32.0,7.6
2018-08-12,25.8,0.0,10.8
2018-08-13,23.8,18.3,11.9
2018-08-14,24.0,10.2,12.2
2018-08-15,27.0,0.0,16.6
2018-08-16,28.7,0.0,13.0
2018-08-17,28.1,15.5,14.4
2018-08-18,25.9,2.8,16.9
2018-08-19,22.6,0.0,16.2
2018-08-20,22.5,0.0,11.9
2018-08-21,22.5,2.8,13.3
2018-08-22,25.6,19.1,18.7
2018-08-23,24.1,0.0,18.4
2018-08-24,24.8,0.0,7.9
2018-08-25,24.2,0.0,7.9
2018-08-26,25.3,0.0,13.7
2018-08-27,27.7,0.0,10.8
2018-08-28,30.1,0.0,16.2
2018-08-29,30.6,0.0,16.9
2018-08-30,29.7,0.0,18.4
2018-08-31,24.3,1.3,15.8
2018-09-01,23.3,0.0,11.9
2018-09-02,24.8,0.0,7.9
2018-09-03,28.0,0.0,11.5
2018-09-04,29.7,0.0,10.8
2018-09-05,28.2,0.0,10.8
2018-09-06,28.4,1.8,13.7
2018-09-07,24.4,0.0,15.5
2018-09-08,21.3,0.3,21.6
2018-09-09,14.9,13.0,20.2
2018-09-10,17.0,17.5,19.1
2018-09-11,21.4,0.3,7.9
2018-09-12,23.7,5.8,9.4
2018-09-13,22.8,11.9,10.8
2018-09-14,22.7,1.3,14.9
2018-09-15,22.7,0.0,5.8
2018-09-16,23.2,0.0,5.8
2018-09-17,22.9,0.0,9.4
2018-09-18,24.2,11.7,15.1
2018-09-19,23.8,0.0,12.2
2018-09-20,20.7,0.3,10.4
2018-09-21,21.7,0.0,14.5
2018-09-22,22.3,0.0,10.9
2018-09-23,18.8,0.0,13.9
2018-09-24,18.7,0.0,21.5
2018-09-25,19.7,48.0,16.7
2018-09-26,24.7,0.5,8.1
2018-09-27,21.0,0.3,12.8
2018-09-28,17.4,30.7,13.5
2018-09-29,19.6,0.0,8.5
2018-09-30,19.4,0.0,11.5
2018-10-01,21.4,0.0,8.6
2018-10-02,22.8,11.7,9.7
2018-10-03,21.4,0.0,9.3
2018-10-04,21.6,0.0,7.0
2018-10-05,19.8,0.0,14.0
2018-10-06,19.2,0.3,10.1
2018-10-07,21.8,0.0,10.8
2018-10-08,20.3,0.0,11.5
2018-10-09,21.2,0.0,7.6
2018-10-10,23.3,0.0,8.1
2018-10-11,22.6,18.3,7.3
2018-10-12,17.4,8.4,26.6
2018-10-13,12.8,1.8,8.1
2018-10-14,13.2,0.0,10.3
2018-10-15,17.0,1.0,14.5
2018-10-16,13.2,0.0,19.1
2018-10-17,11.1,0.0,22.3
2018-10-18,8.8,0.0,19.4
2018-10-19,8.6,0.0,17.6
2018-10-20,13.7,1.5,18.4
2018-10-21,9.8,0.0,6.8
2018-10-22,5.9,0.0,13.7
2018-10-23,11.4,0.0,14.0
2018-10-24,10.0,0.0,23.0
2018-10-25,7.7,0.0,16.9
2018-10-26,8.1,0.3,9.5
2018-10-27,9.8,27.7,28.3
2018-10-28,10.1,0.5,15.4
2018-10-29,12.1,0.3,13.9
2018-10-30,10.9,0.0,10.4
2018-10-31,11.2,0.0,11.2
2018-11-01,16.4,0.0,10.8
2018-11-02,19.3,1.8,10.0
2018-11-03,15.1,10.9,24.5
2018-11-04,11.0,0.0,9.6
2018-11-05,10.7,7.4,15.8
2018-11-06,13.0,17.3,9.7
2018-11-07,13.6,0.0,20.5
2018-11-08,11.5,0.0,13.7
2018-11-09,7.2,24.6,14.4
2018-11-10,7.5,0.8,13.9
2018-11-11,5.7,0.0,10.7
2018-11-12,7.2,1.5,8.3
2018-11-13,7.8,22.9,19.8
2018-11-14,4.6,0.0,10.0
2018-11-15,-0.3,26.9,22.3
2018-11-16,5.8,8.4,21.5
2018-11-17,6.8,0.0,15.3
2018-11-18,6.4,0.0,7.4
2018-11-19,6.8,0.0,5.8
2018-11-20,7.2,0.0,16.9
2018-11-21,4.4,0.0,24.5
2018-11-22,-2.9,0.0,27.4
2018-11-23,-5.5,0.0,11.9
2018-11-24,5.0,31.2,16.3
2018-11-25,10.8,19.3,4.6
2018-11-26,9.8,28.4,16.5
2018-11-27,6.3,0.5,28.1
2018-11-28,4.7,0.0,10.3
2018-11-29,5.7,0.0,24.1
2018-11-30,4.8,0.0,8.6
2018-12-01,4.7,1.5,7.9
2018-12-02,8.2,23.6,9.0
2018-12-03,11.6,0.0,20.9
2018-12-04,5.0,0.0,8.2
2018-12-05,2.0,0.0,12.0
2018-12-06,2.6,0.0,18.2
2018-12-07,3.1,0.0,10.0
2018-12-08,0.1,0.0,12.3
2018-12-09,1.1,0.0,8.5
2018-12-10,2.7,0.0,11.4
2018-12-11,2.8,0.0,10.1
2018-12-12,3.2,0.0,10.8
2018-12-13,3.4,0.0,22.1
2018-12-14,8.1,3.3,11.4
2018-12-15,9.5,3.8,14.4
2018-12-16,5.3,37.3,23.1
2018-12-17,5.1,0.0,24.1
2018-12-18,2.5,0.0,8.1
2018-12-19,2.0,0.0,11.3
2018-12-20,6.0,9.1,12.6
2018-12-21,13.0,34.8,11.1
2018-12-22,8.1,0.8,7.8
2018-12-23,4.8,0.0,14.4
2018-12-24,4.5,2.3,11.7
2018-12-25,3.3,0.0,9.5
2018-12-26,2.6,0.0,11.2
2018-12-27,5.6,0.0,10.5
2018-12-28,10.7,30.7,9.6
2018-12-29,9.9,0.0,11.2
2018-12-30,3.7,0.0,6.2
2018-12-31,3.4,32.8,7.2
2019-01-01,10.6,2.0,13.1
2019-01-02,4.0,0.0,8.9
2019-01-03,5.7,0.0,9.0
2019-01-04,4.8,0.0,12.8
2019-01-05,7.1,15.5,12.8
2019-01-06,6.2,0.0,8.9
2019-01-07,0.2,0.0,9.4
2019-01-08,3.0,3.8,4.0
2019-01-09,5.7,1.0,12.0
2019-01-10,0.8,0.0,32.0
2019-01-11,-1.7,0.0,7.4
2019-01-12,-1.6,0.0,8.5
2019-01-13,-1.8,0.0,18.4
2019-01-14,-0.7,0.0,13.0
2019-01-15,0.7,0.0,8.0
2019-01-16,1.6,0.0,14.5
2019-01-17,-0.9,0.0,12.2
2019-01-18,1.9,0.5,10.6
2019-01-19,2.6,11.4,13.7
2019-01-20,1.7,27.2,26.3
2019-01-21,-10.1,0.0,9.5
2019-01-22,-4.6,0.0,10.3
2019-01-23,3.1,0.0,11.3
2019-01-24,9.8,24.9,10.4
2019-01-25,2.1,0.0,17.4
2019-01-26,-1.7,0.0,10.4
2019-01-27,2.8,0.0,15.5
2019-01-28,-0.2,0.0,9.7
2019-01-29,1.8,4.8,12.7
2019-01-30,-4.6,5.1,14.5
2019-01-31,-11.1,0.0,19.1
2019-02-01,-8.0,0.0,11.3
2019-02-02,-5.6,0.0,18.0
2019-02-03,4.0,0.0,7.8
2019-02-04,6.4,0.0,4.7
2019-02-05,9.3,0.0,10.8
2019-02-06,5.7,13.5,13.5
2019-02-07,5.3,1.8,15.7
2019-02-08,6.1,11.7,11.7
2019-02-09,-0.7,0.0,7.7
2019-02-10,-0.6,0.0,10.8
2019-02-11,0.9,0.0,11.2
2019-02-12,0.3,20.6,23.5
2019-02-13,2.8,1.5,21.0
2019-02-14,4.2,0.0,12.8
2019-02-15,10.0,0.0,6.0
2019-02-16,5.1,0.0,7.7
2019-02-17,1.0,1.3,9.6
2019-02-18,2.3,2.3,10.0
2019-02-19,-0.5,0.0,8.5
2019-02-20,-1.7,21.6,9.7
2019-02-21,5.5,3.0,13.8
2019-02-22,5.5,0.0,7.4
2019-02-23,2.4,0.5,10.8
2019-02-24,5.7,20.6,20.2
2019-02-25,4.0,0.0,18.2
2019-02-26,0.1,0.0,9.1
2019-02-27,-2.7,0.0,13.0
2019-02-28,1.1,0.5,12.3
2019-03-01,0.8,1.3,15.9
2019-03-02,2.5,13.0,12.9
2019-03-03,3.3,16.8,10.1
2019-03-04,1.4,5.8,20.5
2019-03-05,-1.7,0.0,13.5
2019-03-06,-3.7,0.0,11.4
2019-03-07,-4.6,0.0,16.2
2019-03-08,-1.4,0.0,7.6
2019-03-09,3.9,0.0,9.4
2019-03-10,4.0,19.6,14.8
2019-03-11,8.5,0.0,16.2
2019-03-12,4.5,0.0,6.5
2019-03-13,3.2,0.0,8.3
2019-03-14,7.8,0.0,8.6
2019-03-15,15.1,13.2,20.5
2019-03-16,11.2,0.0,28.4
2019-03-17,4.6,0.0,11.7
2019-03-18,4.2,0.0,10.7
2019-03-19,5.4,0.0,8.6
2019-03-20,6.2,0.0,9.3
2019-03-21,7.0,25.4,16.9
2019-03-22,7.0,10.9,14.0
2019-03-23,5.8,0.0,8.6
2019-03-24,9.0,0.0,13.5
2019-03-25,10.9,0.0,16.2
2019-03-26,5.6,0.0,23.4
2019-03-27,4.6,0.0,12.7
2019-03-28,6.2,0.0,10.0
2019-03-29,10.8,0.0,7.7
2019-03-30,13.3,0.0,7.2
2019-03-31,13.3,0.8,22.7
2019-04-01,5.4,0.0,7.4
2019-04-02,6.1,0.0,12.2
2019-04-03,10.4,0.0,29.5
2019-04-04,11.4,0.0,21.6
2019-04-05,6.0,4.3,14.4
2019-04-06,9.3,0.0,13.0
2019-04-07,13.5,0.0,7.7
2019-04-08,17.3,6.6,16.6
2019-04-09,11.5,0.5,10.4
2019-04-10,11.5,0.0,8.4
2019-04-11,7.4,0.0,11.9
2019-04-12,11.6,14.5,11.9
2019-04-13,18.9,4.3,18.4
2019-04-14,16.9,0.5,6.2
2019-04-15,13.3,25.4,12.5
2019-04-16,11.1,0.0,24.5
2019-04-17,11.9,0.0,11.7
2019-04-18,12.2,0.0,13.0
2019-04-19,18.5,1.8,11.9
2019-04-20,15.4,13.0,9.2
2019-04-21,14.2,0.0,10.8
2019-04-22,14.3,2.3,8.4
2019-04-23,17.4,0.3,7.9
2019-04-24,18.9,0.0,9.1
2019-04-25,13.7,0.5,10.4
2019-04-26,13.3,20.6,14.8
2019-04-27,12.9,0.5,14.1
2019-04-28,10.7,0.0,8.6
2019-04-29,10.3,0.3,10.8
2019-04-30,12.0,0.5,7.6
2019-05-01,11.7,0.3,13.2
2019-05-02,14.5,3.6,10.4
2019-05-03,11.9,0.3,6.8
2019-05-04,14.2,1.8,4.3
2019-05-05,12.4,38.9,17.8
2019-05-06,14.8,0.0,11.8
2019-05-07,15.9,4.6,9.5
2019-05-08,16.7,0.0,9.3
2019-05-09,14.0,0.0,16.2
2019-05-10,17.7,0.8,8.3
2019-05-11,17.8,0.8,6.7
2019-05-12,10.2,37.6,23.2
2019-05-13,8.7,21.3,18.5
2019-05-14,8.9,7.1,10.4
2019-05-15,14.5,0.3,6.5
2019-05-16,17.9,1.0,10.4
2019-05-17,20.0,0.5,9.0
2019-05-18,20.3,0.0,13.3
2019-05-19,19.7,1.5,7.5
2019-05-20,24.5,0.0,15.8
2019-05-21,19.1,0.0,9.1
2019-05-22,19.0,0.0,9.1
2019-05-23,18.4,13.0,15.1
2019-05-24,21.2,0.0,8.6
2019-05-25,17.9,0.0,15.5
2019-05-26,21.9,5.1,12.1
2019-05-27,23.2,0.0,13.7
2019-05-28,19.6,19.6,10.3
2019-05-29,18.0,14.7,11.8
2019-05-30,16.5,13.2,8.1
2019-05-31,21.8,0.0,13.3
2019-06-01,21.4,0.0,8.6
2019-06-02,21.7,9.9,6.0
2019-06-03,18.9,0.0,9.1
2019-06-04,18.2,0.0,12.9
2019-06-05,21.9,0.0,19.8
2019-06-06,24.5,3.3,7.2
2019-06-07,22.0,0.0,8.3
2019-06-08,21.3,0.0,13.2
2019-06-09,20.6,0.0,16.5
2019-06-10,18.2,20.1,16.2
2019-06-11,22.1,4.6,5.0
2019-06-12,20.2,0.0,10.5
2019-06-13,17.6,16.5,16.9
2019-06-14,19.3,0.0,16.8
2019-06-15,22.2,0.0,13.6
2019-06-16,23.3,0.0,11.5
2019-06-17,22.3,0.3,5.1
2019-06-18,20.8,31.2,5.9
2019-06-19,20.7,3.3,8.6
2019-06-20,21.3,19.3,9.4
2019-06-21,23.0,17.0,20.5
2019-06-22,23.2,0.0,5.2
2019-06-23,24.7,0.0,9.3
2019-06-24,24.9,0.0,7.3
2019-06-25,25.0,18.8,5.2
2019-06-26,26.9,0.0,6.9
2019-06-27,28.0,0.0,4.4
2019-06-28,27.6,0.0,7.0
2019-06-29,26.5,8.1,9.4
2019-06-30,25.5,0.0,7.5
2019-07-01,24.7,0.0,9.6
2019-07-02,26.0,0.0,7.3
2019-07-03,27.8,0.0,7.2
2019-07-04,26.4,0.0,5.6
2019-07-05,25.1,0.0,6.1
2019-07-06,26.5,0.8,7.7
2019-07-07,25.9,0.0,11.4
2019-07-08,23.3,0.8,8.4
2019-07-09,26.0,0.0,6.5
2019-07-10,27.1,0.0,7.5
2019-07-11,25.1,37.6,9.5
2019-07-12,26.4,0.0,6.7
2019-07-13,26.6,0.0,9.3
2019-07-14,28.4,0.0,6.9
2019-07-15,26.7,0.0,7.4
2019-07-16,27.8,0.0,7.2
2019-07-17,28.8,24.4,9.5
2019-07-18,24.4,8.4,10.6
2019-07-19,27.4,0.0,10.8
2019-07-20,31.4,0.0,11.4
2019-07-21,31.7,0.0,9.4
2019-07-22,27.2,45.2,7.6
2019-07-23,22.6,15.2,8.9
2019-07-24,25.1,0.3,8.3
2019-07-25,26.2,0.0,7.8
2019-07-26,26.6,0.0,7.2
2019-07-27,26.3,0.0,10.1
2019-07-28,27.9,0.0,13.0
2019-07-29,28.4,0.0,8.1
2019-07-30,29.8,0.0,14.0
2019-07-31,25.6,40.6,7.9
2019-08-01,26.8,0.0,6.2
2019-08-02,26.5,0.0,8.0
2019-08-03,26.2,5.8,8.4
2019-08-04,26.2,12.7,5.9
2019-08-05,25.3,0.0,11.3
2019-08-06,24.9,7.9,9.0
2019-08-07,24.2,39.1,10.1
2019-08-08,25.0,0.0,13.2
2019-08-09,25.4,0.0,6.8
2019-08-10,25.3,0.0,8.4
2019-08-11,24.5,0.0,6.5
2019-08-12,26.1,0.0,11.8
2019-08-13,24.9,0.0,8.4
2019-08-14,24.5,42.9,6.9
2019-08-15,24.4,0.0,11.5
2019-08-16,24.2,0.0,10.2
2019-08-17,26.2,0.0,9.2
2019-08-18,27.1,0.0,5.7
2019-08-19,26.9,0.0,7.7
2019-08-20,27.5,0.0,8.9
2019-08-21,26.9,13.0,9.0
2019-08-22,27.5,28.7,10.2
2019-08-23,22.7,0.3,8.5
2019-08-24,22.9,0.0,10.4
2019-08-25,22.2,0.0,21.9
2019-08-26,20.7,0.0,16.3
2019-08-27,21.2,0.0,9.3
2019-08-28,22.3,0.5,9.6
2019-08-29,24.7,0.0,5.4
2019-08-30,25.4,0.0,11.4
2019-08-31,25.5,0.0,8.5
2019-09-01,23.0,0.0,15.1
2019-09-02,22.7,30.2,7.5
2019-09-03,24.3,0.0,9.1
2019-09-04,25.3,0.0,9.5
2019-09-05,22.4,0.0,11.5
2019-09-06,19.1,8.1,19.4
2019-09-07,20.4,0.0,6.3
2019-09-08,22.1,0.0,7.1
2019-09-09,22.6,0.0,13.9
2019-09-10,22.6,0.0,10.0
2019-09-11,25.8,0.0,12.3
2019-09-12,24.1,1.0,14.3
2019-09-13,19.4,0.0,18.0
2019-09-14,21.6,0.0,10.3
2019-09-15,24.9,0.0,6.8
2019-09-16,23.1,0.0,6.1
2019-09-17,22.4,0.0,14.9
2019-09-18,17.8,0.0,15.1
2019-09-19,18.4,0.0,11.4
2019-09-20,20.4,0.0,10.6
2019-09-21,21.6,0.0,5.8
2019-09-22,24.4,0.0,8.8
2019-09-23,26.1,1.3,13.0
2019-09-24,22.9,0.0,7.5
2019-09-25,21.5,0.0,6.5
2019-09-26,21.6,0.0,8.8
2019-09-27,19.4,0.0,9.4
2019-09-28,21.8,0.0,12.2
2019-09-29,24.4,0.0,18.0
2019-09-30,18.5,0.0,14.8
2019-10-01,21.3,0.0,17.6
2019-10-02,26.6,14.7,22.0
2019-10-03,15.6,12.4,15.8
2019-10-04,15.9,0.0,22.7
2019-10-05,11.1,0.0,12.6
2019-10-06,17.4,0.0,14.0
2019-10-07,22.6,7.4,20.2
2019-10-08,17.2,0.8,20.0
2019-10-09,14.4,6.6,20.8
2019-10-10,17.5,0.0,15.5
2019-10-11,16.4,0.0,17.5
2019-10-12,16.6,0.0,10.9
2019-10-13,16.5,0.0,7.4
2019-10-14,18.5,0.0,9.3
2019-10-15,15.9,0.0,8.6
2019-10-16,16.5,54.1,12.9
2019-10-17,13.2,0.0,21.0
2019-10-18,13.2,0.0,7.6
2019-10-19,12.5,0.0,9.2
2019-10-20,13.6,16.8,11.2
2019-10-21,13.9,0.0,9.0
2019-10-22,15.5,13.0,16.5
2019-10-23,17.1,0.3,10.2
2019-10-24,15.4,0.0,11.6
2019-10-25,13.6,0.0,7.6
2019-10-26,15.8,0.3,9.0
2019-10-27,16.4,35.1,12.2
2019-10-28,15.6,0.3,8.6
2019-10-29,14.6,4.1,12.9
2019-10-30,16.6,3.8,11.3
2019-10-31,19.1,15.0,9.6
2019-11-01,12.7,0.5,16.2
2019-11-02,9.9,0.0,8.1
2019-11-03,10.0,0.0,10.3
2019-11-04,11.1,0.0,10.6
2019-11-05,13.9,0.0,10.3
2019-11-06,11.5,0.0,11.6
2019-11-07,9.8,2.0,16.2
2019-11-08,4.2,0.0,7.9
2019-11-09,3.4,0.0,10.8
2019-11-10,8.4,0.0,12.9
2019-11-11,12.6,0.0,6.8
2019-11-12,6.6,0.8,9.4
2019-11-13,0.2,0.0,8.9
2019-11-14,4.4,0.0,12.0
2019-11-15,7.4,0.0,13.2
2019-11-16,4.9,0.0,21.8
2019-11-17,4.4,0.0,25.6
2019-11-18,6.0,8.9,11.2
2019-11-19,7.6,4.8,8.9
2019-11-20,7.3,0.0,5.8
2019-11-21,8.7,0.0,10.1
2019-11-22,9.5,1.8,21.6
2019-11-23,5.4,0.8,9.2
2019-11-24,6.6,18.0,14.8
2019-11-25,8.3,0.0,11.9
2019-11-26,11.1,0.0,8.9
2019-11-27,12.1,0.3,9.2
2019-11-28,8.6,0.0,9.1
2019-11-29,3.7,0.0,7.8
2019-11-30,4.6,0.0,9.3
2019-12-01,0.4,17.5,21.6
2019-12-02,3.1,8.1,15.6
2019-12-03,2.2,0.3,7.4
2019-12-04,1.6,0.0,15.5
2019-12-05,3.8,0.0,25.2
2019-12-06,5.7,0.0,12.2
2019-12-07,3.0,0.0,6.8
2019-12-08,3.3,0.0,8.8
2019-12-09,9.4,37.8,13.5
2019-12-10,12.1,2.5,13.4
2019-12-11,2.6,4.1,12.4
2019-12-12,1.0,0.0,7.6
2019-12-13,6.2,19.6,17.0
2019-12-14,10.4,18.3,17.5
2019-12-15,6.5,0.0,20.9
2019-12-16,2.3,3.8,8.6
2019-12-17,1.8,26.2,19.1
2019-12-18,1.0,2.0,13.1
2019-12-19,-4.4,0.0,9.5
2019-12-20,-1.3,0.0,8.7
2019-12-21,-0.2,0.0,7.1
2019-12-22,3.6,0.0,12.9
2019-12-23,7.6,0.0,10.5
2019-12-24,7.1,0.0,10.2
2019-12-25,5.0,0.0,8.7
2019-12-26,5.7,0.0,14.2
2019-12-27,9.6,0.0,10.9
2019-12-28,8.5,0.0,8.8
2019-12-29,6.1,8.1,11.1
2019-12-30,5.2,16.5,27.3
2019-12-31,4.6,0.0,16.9
2020-01-01,3.6,0.0,17.3
2020-01-02,4.7,0.0,12.4
2020-01-03,7.6,2.8,8.4
2020-01-04,8.2,5.3,5.7
2020-01-05,4.6,0.0,8.2
2020-01-06,2.7,0.8,16.6
2020-01-07,4.7,0.0,10.4
2020-01-08,2.6,0.0,13.4
2020-01-09,-0.6,0.0,9.1
2020-01-10,6.4,0.0,14.5
2020-01-11,14.2,0.0,19.8
2020-01-12,15.7,1.0,15.5
2020-01-13,6.1,0.0,10.4
2020-01-14,6.3,0.5,9.9
2020-01-15,8.2,0.0,9.0
2020-01-16,6.7,1.3,10.6
2020-01-17,-1.2,0.0,8.8
2020-01-18,-2.2,7.9,10.2
2020-01-19,4.0,0.0,10.2
2020-01-20,-1.7,0.0,9.1
2020-01-21,-1.5,0.0,8.9
2020-01-22,1.0,0.0,8.1
2020-01-23,3.5,0.0,7.5
2020-01-24,6.5,0.0,10.6
2020-01-25,6.6,22.4,22.9
2020-01-26,5.5,0.0,14.9
2020-01-27,5.1,0.0,19.4
2020-01-28,4.9,0.0,6.3
2020-01-29,3.5,0.0,7.8
2020-01-30,1.3,0.0,10.7
2020-01-31,4.3,0.5,7.5
2020-02-01,4.8,0.0,6.8
2020-02-02,3.9,2.3,12.7
2020-02-03,8.0,0.0,10.8
2020-02-04,9.5,0.0,7.6
2020-02-05,6.0,0.5,10.0
2020-02-06,4.7,15.7,17.9
2020-02-07,5.5,7.1,20.6
2020-02-08,2.6,0.0,14.2
2020-02-09,4.1,0.0,14.0
2020-02-10,6.4,8.9,13.6
2020-02-11,7.6,7.4,4.7
2020-02-12,5.9,4.8,9.0
2020-02-13,4.7,6.9,6.4
2020-02-14,0.8,0.0,9.6
2020-02-15,-3.4,0.0,11.9
2020-02-16,2.9,0.0,12.1
2020-02-17,6.9,0.0,8.7
2020-02-18,6.1,0.0,15.8
2020-02-19,7.1,0.0,7.4
2020-02-20,1.0,0.0,9.4
2020-02-21,-0.6,0.0,12.4
2020-02-22,4.4,0.0,17.4
2020-02-23,7.6,0.0,10.6
2020-02-24,8.7,0.0,6.6
2020-02-25,8.5,4.1,6.3
2020-02-26,7.8,0.3,14.9
2020-02-27,4.9,8.1,35.3
2020-02-28,2.1,0.0,28.0
2020-02-29,0.4,0.0,12.5
2020-03-01,2.4,0.0,10.2
2020-03-02,9.1,0.0,10.4
2020-03-03,10.9,6.1,13.0
2020-03-04,10.2,0.0,19.5
2020-03-05,7.6,0.0,7.9
2020-03-06,5.5,9.1,13.1
2020-03-07,5.9,0.0,7.8
2020-03-08,6.6,0.0,16.9
2020-03-09,13.4,0.0,15.1
2020-03-10,14.5,0.0,17.5
2020-03-11,10.8,0.0,11.2
2020-03-12,8.2,0.3,11.1
2020-03-13,13.1,7.4,21.2
2020-03-14,10.1,0.0,21.2
2020-03-15,9.1,0.0,8.7
2020-03-16,5.2,0.0,17.9
2020-03-17,8.3,5.6,10.4
2020-03-18,8.8,0.0,8.3
2020-03-19,8.3,28.4,14.3
2020-03-20,13.6,0.0,9.4
2020-03-21,10.6,0.0,10.2
2020-03-22,5.0,0.0,19.6
2020-03-23,4.3,28.7,21.4
2020-03-24,8.1,0.0,8.8
2020-03-25,6.5,0.3,21.1
2020-03-26,8.7,0.0,9.6
2020-03-27,14.2,0.0,6.9
2020-03-28,9.5,5.8,18.7
2020-03-29,7.9,0.3,25.2
2020-03-30,8.4,2.8,9.8
2020-03-31,6.7,0.8,11.7
2020-04-01,8.7,0.0,13.1
2020-04-02,10.0,0.0,5.4
2020-04-03,10.2,1.3,8.3
2020-04-04,11.0,0.0,10.7
2020-04-05,11.3,0.0,6.3
2020-04-06,13.7,1.5,14.4
2020-04-07,14.0,0.0,9.3
2020-04-08,14.2,5.6,14.4
2020-04-09,10.9,1.5,7.3
2020-04-10,7.2,0.0,14.6
2020-04-11,9.2,0.0,10.1
2020-04-12,12.3,0.0,7.0
2020-04-13,14.6,42.9,16.4
2020-04-14,11.8,0.0,9.5
2020-04-15,9.5,0.0,10.7
2020-04-16,8.2,0.0,14.2
2020-04-17,6.5,1.8,14.6
2020-04-18,7.5,4.1,10.4
2020-04-19,10.4,0.0,16.5
2020-04-20,11.9,0.0,6.9
2020-04-21,10.2,4.3,11.0
2020-04-22,7.7,0.0,10.1
2020-04-23,7.6,3.6,5.9
2020-04-24,8.5,15.0,18.0
2020-04-25,11.8,0.0,6.4
2020-04-26,9.3,2.8,20.1
2020-04-27,7.8,0.0,8.2
2020-04-28,11.8,0.0,7.5
2020-04-29,10.8,0.3,19.9
2020-04-30,12.5,11.9,20.6
2020-05-01,14.6,3.0,4.6
2020-05-02,17.3,0.0,6.5
2020-05-03,18.9,1.3,11.0
2020-05-04,17.7,0.0,7.0
2020-05-05,13.1,0.0,14.0
2020-05-06,10.5,3.8,14.2
2020-05-07,13.9,0.0,12.9
2020-05-08,10.5,10.9,7.7
2020-05-09,6.0,0.0,10.3
2020-05-10,11.1,0.0,23.9
2020-05-11,12.0,1.0,12.4
2020-05-12,11.6,0.0,6.7
2020-05-13,11.9,0.0,8.6
2020-05-14,14.9,0.0,7.1
2020-05-15,21.1,0.5,13.7
2020-05-16,21.0,0.0,5.7
2020-05-17,15.6,0.0,13.5
2020-05-18,16.3,0.0,13.7
2020-05-19,15.7,0.0,24.1
2020-05-20,14.2,0.0,18.6
2020-05-21,14.1,0.0,9.5
2020-05-22,17.6,0.8,4.6
2020-05-23,16.4,20.1,14.1
2020-05-24,15.6,0.0,16.8
2020-05-25,17.0,0.0,10.4
2020-05-26,18.0,0.0,8.1
2020-05-27,18.5,0.0,5.7
2020-05-28,20.0,0.0,6.9
2020-05-29,22.8,0.0,5.6
2020-05-30,23.4,0.8,9.2
2020-05-31,18.8,0.0,7.2
2020-06-01,17.4,0.0,8.5
2020-06-02,19.3,3.6,9.9
2020-06-03,21.0,20.3,11.7
2020-06-04,23.8,3.3,10.1
2020-06-05,22.5,4.8,7.9
2020-06-06,24.8,0.0,5.2
2020-06-07,22.4,0.0,7.0
2020-06-08,21.8,0.0,8.3
2020-06-09,24.5,0.0,10.4
2020-06-10,24.4,0.0,10.6
2020-06-11,23.4,2.0,9.6
2020-06-12,25.0,0.0,7.4
2020-06-13,21.0,0.0,9.6
2020-06-14,18.9,0.0,13.1
2020-06-15,19.6,0.0,13.8
2020-06-16,20.5,0.0,12.5
2020-06-17,20.6,0.0,16.1
2020-06-18,21.0,0.3,11.7
2020-06-19,22.3,0.0,8.5
2020-06-20,24.2,0.0,7.1
2020-06-21,24.8,0.0,6.2
2020-06-22,26.1,0.0,9.3
2020-06-23,25.6,0.0,9.0
2020-06-24,26.4,0.0,12.8
2020-06-25,25.1,0.0,8.6
2020-06-26,25.5,0.0,8.8
2020-06-27,24.1,2.5,8.0
2020-06-28,25.8,0.0,7.9
2020-06-29,25.3,0.0,6.3
2020-06-30,23.1,36.6,5.9
2020-07-01,22.8,5.8,9.0
2020-07-02,26.4,0.0,11.5
2020-07-03,27.8,28.2,11.2
2020-07-04,24.6,0.0,10.7
2020-07-05,26.9,0.0,6.6
2020-07-06,26.1,14.7,8.6
2020-07-07,25.0,0.0,11.8
2020-07-08,25.8,29.2,5.6
2020-07-09,26.7,0.0,8.5
2020-07-10,24.3,70.6,19.8
2020-07-11,26.1,22.6,14.1
2020-07-12,27.3,0.0,14.9
2020-07-13,27.2,1.3,9.7
2020-07-14,27.0,0.0,7.3
2020-07-15,25.0,0.0,12.9
2020-07-16,23.5,0.0,13.1
2020-07-17,24.9,1.8,8.3
2020-07-18,28.3,0.0,4.3
2020-07-19,29.0,0.0,10.5
2020-07-20,30.4,0.0,9.5
2020-07-21,29.4,0.0,6.3
2020-07-22,27.8,24.9,6.9
2020-07-23,26.6,0.0,11.6
2020-07-24,25.0,54.4,10.4
2020-07-25,27.5,0.0,7.6
2020-07-26,29.5,0.0,12.5
2020-07-27,30.3,0.0,18.4
2020-07-28,29.8,3.6,10.8
2020-07-29,29.0,0.0,5.9
2020-07-30,29.2,0.0,12.2
2020-07-31,24.7,27.9,8.2
2020-08-01,27.2,0.0,8.3
2020-08-02,28.1,0.0,13.1
2020-08-03,28.4,8.6,12.4
2020-08-04,25.1,18.3,19.1
2020-08-05,27.3,0.0,11.5
2020-08-06,25.5,0.0,7.5
2020-08-07,24.2,15.2,11.4
2020-08-08,25.1,0.0,8.2
2020-08-09,26.4,0.0,12.2
2020-08-10,28.4,0.0,12.6
2020-08-11,28.0,1.0,12.2
2020-08-12,27.8,0.0,9.4
2020-08-13,25.5,12.4,8.6
2020-08-14,27.3,0.0,13.8
2020-08-15,25.8,0.0,15.5
2020-08-16,21.4,3.6,19.0
2020-08-17,23.1,0.3,8.5
2020-08-18,24.3,7.1,7.1
2020-08-19,23.4,5.3,7.6
2020-08-20,24.1,0.0,7.4
2020-08-21,25.4,0.0,12.8
2020-08-22,26.7,0.0,10.2
2020-08-23,26.4,0.0,8.8
2020-08-24,27.8,0.0,7.8
2020-08-25,27.6,0.0,12.6
2020-08-26,24.3,0.0,3.3
2020-08-27,26.3,8.6,11.3
2020-08-28,25.5,0.5,11.2
2020-08-29,24.6,0.0,12.4
2020-08-30,24.4,0.0,4.8
2020-08-31,22.8,0.0,10.7
2020-09-01,23.2,3.0,12.1
2020-09-02,24.3,2.8,9.0
2020-09-03,26.2,21.6,6.4
2020-09-04,26.0,0.0,7.2
2020-09-05,24.1,0.0,12.2
2020-09-06,23.6,0.0,10.7
2020-09-07,23.4,0.0,10.5
2020-09-08,24.2,0.0,6.2
2020-09-09,24.3,0.0,8.2
2020-09-10,24.9,36.3,9.5
2020-09-11,24.0,0.0,10.5
2020-09-12,20.7,0.0,14.4
2020-09-13,22.0,0.0,13.1
2020-09-14,22.9,0.0,7.5
2020-09-15,17.6,0.0,12.9
2020-09-16,19.2,0.0,11.9
2020-09-17,21.4,0.0,9.6
2020-09-18,20.5,0.0,12.2
2020-09-19,16.2,0.0,12.6
2020-09-20,16.1,0.0,19.7
2020-09-21,16.8,0.0,14.5
2020-09-22,18.1,0.0,5.6
2020-09-23,21.7,0.0,4.2
2020-09-24,21.2,0.0,6.6
2020-09-25,20.9,0.0,5.9
2020-09-26,21.0,0.0,8.4
2020-09-27,22.6,1.3,7.3
2020-09-28,22.7,0.5,10.7
2020-09-29,21.7,19.0,7.5
2020-09-30,19.6,18.5,21.1
2020-10-01,19.3,0.5,15.6
2020-10-02,17.2,0.3,8.7
2020-10-03,16.8,0.0,7.2
2020-10-04,14.4,0.0,9.7
2020-10-05,16.3,0.0,10.8
2020-10-06,18.0,0.0,11.7
2020-10-07,19.3,0.0,16.0
2020-10-08,16.7,0.0,7.1
2020-10-09,16.9,0.0,10.6
2020-10-10,18.8,0.0,18.0
2020-10-11,18.6,0.3,14.5
2020-10-12,13.1,20.1,26.9
2020-10-13,14.7,6.4,12.1
2020-10-14,16.5,0.0,9.9
2020-10-15,18.5,0.0,11.6
2020-10-16,15.0,24.9,7.6
2020-10-17,13.1,0.0,7.6
2020-10-18,14.5,0.0,10.3
2020-10-19,14.5,0.0,10.8
2020-10-20,18.1,0.5,5.5
2020-10-21,18.2,0.0,4.4
2020-10-22,18.9,0.0,4.3
2020-10-23,18.0,0.0,5.5
2020-10-24,17.4,0.0,6.9
2020-10-25,11.1,1.0,15.6
2020-10-26,13.6,1.8,13.1
2020-10-27,14.8,0.0,6.6
2020-10-28,13.7,2.0,8.7
2020-10-29,11.7,40.4,18.4
2020-10-30,7.4,17.8,16.6
2020-10-31,3.8,0.0,9.4
2020-11-01,11.0,9.4,13.7
2020-11-02,7.1,0.0,13.9
2020-11-03,9.6,0.0,18.0
2020-11-04,12.5,0.0,11.0
2020-11-05,14.9,0.0,9.4
2020-11-06,16.7,0.0,9.9
2020-11-07,17.9,0.0,9.5
2020-11-08,17.1,0.0,5.4
2020-11-09,17.5,0.0,5.6
2020-11-10,18.5,0.0,9.6
2020-11-11,19.0,16.0,8.7
2020-11-12,14.1,4.1,13.3
2020-11-13,10.5,3.0,10.9
2020-11-14,10.4,0.0,8.2
2020-11-15,11.6,1.8,19.4
2020-11-16,11.3,0.0,21.6
2020-11-17,7.6,0.0,8.8
2020-11-18,3.0,0.0,7.9
2020-11-19,5.3,0.0,15.7
2020-11-20,12.0,0.0,13.7
2020-11-21,13.6,0.0,7.9
2020-11-22,10.4,0.0,20.5
2020-11-23,11.6,11.7,7.3
2020-11-24,8.2,0.0,9.4
2020-11-25,10.4,0.0,8.4
2020-11-26,15.1,16.5,9.2
2020-11-27,13.0,0.0,8.4
2020-11-28,11.0,0.0,6.8
2020-11-29,9.5,0.0,9.5
2020-11-30,13.9,30.7,16.4
2020-12-01,10.1,0.0,22.6
2020-12-02,5.0,0.0,27.0
2020-12-03,6.5,0.0,16.9
2020-12-04,8.6,3.0,12.7
2020-12-05,7.1,24.6,10.0
2020-12-06,4.3,0.0,6.4
2020-12-07,3.0,0.0,9.7
2020-12-08,0.8,0.0,18.7
2020-12-09,2.3,1.5,17.2
2020-12-10,6.7,0.0,8.5
2020-12-11,9.1,0.0,8.6
2020-12-12,11.1,0.0,9.5
2020-12-13,12.0,0.0,10.5
2020-12-14,5.7,7.1,7.5
2020-12-15,3.2,0.0,19.1
2020-12-16,-0.3,9.9,27.7
2020-12-17,0.1,14.7,14.8
2020-12-18,-0.4,0.0,7.3
2020-12-19,-1.0,0.0,8.0
2020-12-20,2.2,0.3,5.9
2020-12-21,5.2,0.0,8.1
2020-12-22,5.7,0.0,8.2
2020-12-23,5.2,0.0,8.1
2020-12-24,11.6,10.9,12.5
2020-12-25,9.1,16.8,23.5
2020-12-26,-1.3,0.0,25.3
2020-12-27,0.4,0.0,10.9
2020-12-28,6.8,0.0,9.3
2020-12-29,3.8,0.0,6.8
2020-12-30,2.3,0.0,12.0
2020-12-31,6.3,15.2,15.5
2021-01-01,3.6,17.3,13.2
2021-01-02,6.3,6.1,11.6
2021-01-03,3.4,5.7,22.4
2021-01-04,4.6,0.7,8.1
2021-01-05,4.4,0.0,8.1
2021-01-06,4.1,0.4,6.9
2021-01-07,3.2,0.2,6.0
2021-01-08,1.4,0.0,10.2
2021-01-09,1.1,0.0,8.0
2021-01-10,3.0,0.0,6.7
2021-01-11,1.5,0.0,5.0
2021-01-12,3.7,0.0,9.3
2021-01-13,4.1,0.0,11.0
2021-01-14,6.4,0.0,6.7
2021-01-15,6.0,4.2,21.3
2021-01-16,6.2,14.6,15.9
2021-01-17,4.8,0.0,22.7
2021-01-18,5.3,0.1,14.7
2021-01-19,3.5,0.0,17.1
2021-01-20,2.4,1.5,7.5
2021-01-21,1.7,0.0,11.8
2021-01-22,4.7,0.0,12.6
2021-01-23,0.1,0.0,8.0
2021-01-24,-1.4,0.0,6.7
2021-01-25,0.7,0.0,8.3
2021-01-26,1.6,7.0,18.6
2021-01-27,2.5,0.5,6.5
2021-01-28,-0.5,0.0,6.1
2021-01-29,-4.6,0.0,8.1
2021-01-30,-3.0,0.0,8.3
2021-01-31,-3.4,1.9,14.7
2021-02-01,-0.7,24.0,30.8
2021-02-02,0.6,2.4,8.7
2021-02-03,1.1,0.0,4.4
2021-02-04,3.1,0.0,8.3
2021-02-05,5.1,1.5,9.1
2021-02-06,3.7,0.0,15.3
2021-02-07,1.6,9.8,11.7
2021-02-08,-2.8,0.0,10.4
2021-02-09,-0.2,2.4,10.7
2021-02-10,0.0,0.6,7.9
2021-02-11,-0.8,4.6,11.2
2021-02-12,-2.0,0.0,9.8
2021-02-13,-1.2,1.1,17.7
2021-02-14,1.1,0.2,10.9
2021-02-15,1.7,1.2,14.2
2021-02-16,5.5,11.3,18.4
2021-02-17,-0.6,0.0,7.1
2021-02-18,-1.6,5.7,19.5
2021-02-19,0.2,7.3,16.6
2021-02-20,0.4,0.0,16.3
2021-02-21,0.3,0.0,11.7
2021-02-22,1.3,9.6,12.2
2021-02-23,4.2,0.2,13.3
2021-02-24,7.8,0.0,10.8
2021-02-25,7.8,0.0,8.2
2021-02-26,4.5,0.0,10.9
2021-02-27,6.7,6.8,13.1
2021-02-28,5.7,4.5,13.1
2021-03-01,5.8,6.2,9.7
2021-03-02,-0.5,0.0,8.9
2021-03-03,5.4,0.0,13.5
2021-03-04,4.6,0.0,6.5
2021-03-05,0.5,0.0,6.6
2021-03-06,1.0,0.0,8.5
2021-03-07,2.1,0.0,7.6
2021-03-08,2.5,0.0,9.7
2021-03-09,10.2,0.1,9.5
2021-03-10,8.6,0.0,11.5
2021-03-11,12.9,0.0,7.7
2021-03-12,16.1,0.2,15.0
2021-03-13,6.6,0.0,13.5
2021-03-14,7.7,0.0,31.7
2021-03-15,1.3,0.0,6.7
2021-03-16,1.5,0.0,10.3
2021-03-17,4.7,0.0,10.5
2021-03-18,6.8,11.2,11.8
2021-03-19,4.6,2.0,14.6
2021-03-20,7.2,0.0,5.7
2021-03-21,9.7,0.0,4.1
2021-03-22,9.1,0.0,7.3
2021-03-23,10.4,0.0,12.6
2021-03-24,10.7,24.8,18.1
2021-03-25,12.4,1.1,5.7
2021-03-26,16.8,1.7,16.0
2021-03-27,13.8,0.0,6.9
2021-03-28,12.5,17.9,9.2
2021-03-29,10.6,0.0,9.7
2021-03-30,10.5,0.0,13.2
2021-03-31,13.2,6.2,4.7
2021-04-01,8.6,3.1,5.8
2021-04-02,2.7,0.0,7.9
2021-04-03,6.3,0.2,8.4
2021-04-04,11.1,0.0,5.5
2021-04-05,14.5,0.0,5.8
2021-04-06,14.8,0.0,7.3
2021-04-07,14.5,1.1,5.4
2021-04-08,13.8,0.0,6.8
2021-04-09,10.5,0.0,7.8
2021-04-10,12.7,0.4,5.5
2021-04-11,12.0,17.6,16.9
2021-04-12,8.6,7.9,16.6
2021-04-13,12.2,3.1,8.7
2021-04-14,13.6,0.2,8.1
2021-04-15,11.5,8.9,7.8
2021-04-16,8.7,2.9,6.2
2021-04-17,10.2,0.0,6.2
2021-04-18,12.8,0.5,6.2
2021-04-19,14.0,0.0,6.7
2021-04-20,16.2,0.0,12.5
2021-04-21,13.2,4.0,10.2
2021-04-22,6.6,0.2,9.4
2021-04-23,11.2,0.2,13.6
2021-04-24,14.8,0.0,10.1
2021-04-25,13.3,13.0,6.7
2021-04-26,11.8,0.0,5.9
2021-04-27,12.5,0.0,7.5
2021-04-28,17.2,0.0,7.8
2021-04-29,18.4,2.1,6.4
2021-04-30,17.2,1.4,13.6
2021-05-01,12.6,0.0,10.2
2021-05-02,19.0,0.4,16.5
2021-05-03,15.9,4.2,16.1
2021-05-04,15.1,6.9,12.6
2021-05-05,12.7,7.9,10.5
2021-05-06,14.8,0.0,6.5
2021-05-07,14.1,0.0,11.3
2021-05-08,11.2,3.1,9.4
2021-05-09,11.3,4.7,12.8
2021-05-10,12.3,5.1,10.9
2021-05-11,14.6,0.0,9.5
2021-05-12,14.7,0.0,5.2
2021-05-13,16.4,0.0,7.8
2021-05-14,18.2,0.2,8.6
2021-05-15,19.0,0.1,6.3
2021-05-16,18.4,0.3,8.6
2021-05-17,19.1,0.0,5.8
2021-05-18,21.2,0.0,12.1
2021-05-19,23.4,0.0,5.9
2021-05-20,19.4,0.0,7.8
2021-05-21,19.3,0.2,6.5
2021-05-22,24.0,0.0,3.8
2021-05-23,26.2,0.2,6.1
2021-05-24,17.2,0.0,17.1
2021-05-25,18.2,0.0,10.6
2021-05-26,22.4,0.0,10.7
2021-05-27,23.3,0.8,7.3
2021-05-28,16.2,4.1,21.1
2021-05-29,10.5,11.5,25.5
2021-05-30,10.5,14.6,15.1
2021-05-31,15.3,0.2,5.8
2021-06-01,19.2,0.0,7.3
2021-06-02,19.2,0.0,7.2
2021-06-03,18.6,13.6,5.4
2021-06-04,20.6,30.2,7.9
2021-06-05,25.0,1.1,12.0
2021-06-06,28.1,0.0,7.2
2021-06-07,27.0,0.0,5.2
2021-06-08,25.5,8.1,7.7
2021-06-09,25.8,0.5,8.5
2021-06-10,24.2,0.1,16.5
2021-06-11,19.1,0.4,13.8
2021-06-12,19.2,0.3,10.3
2021-06-13,19.5,0.0,7.5
2021-06-14,20.2,9.5,8.6
2021-06-15,22.7,15.0,7.2
2021-06-16,21.8,0.0,6.4
2021-06-17,21.8,0.0,8.8
2021-06-18,23.1,0.0,11.0
2021-06-19,24.2,5.5,12.1
2021-06-20,24.8,0.6,7.3
2021-06-21,26.3,0.2,8.3
2021-06-22,21.0,15.2,8.2
2021-06-23,19.8,0.0,7.9
2021-06-24,20.7,0.0,9.5
2021-06-25,21.4,0.7,9.4
2021-06-26,23.9,2.1,10.6
2021-06-27,26.4,0.6,10.5
2021-06-28,28.1,0.2,12.4
2021-06-29,29.6,0.0,12.8
2021-06-30,30.1,3.2,11.9
2021-07-01,24.6,27.8,6.1
2021-07-02,22.7,16.6,10.1
2021-07-03,18.1,7.7,17.3
2021-07-04,21.6,1.1,7.5
2021-07-05,24.6,0.3,8.9
2021-07-06,26.8,6.2,12.7
2021-07-07,27.8,1.3,8.6
2021-07-08,25.8,2.8,12.9
2021-07-09,25.1,25.8,10.8
2021-07-10,24.3,0.6,7.1
2021-07-11,23.2,3.2,12.0
2021-07-12,25.6,18.7,9.1
2021-07-13,22.8,1.0,13.0
2021-07-14,25.3,0.5,9.3
2021-07-15,27.6,0.3,7.1
2021-07-16,29.3,0.0,9.0
2021-07-17,27.7,6.2,7.0
2021-07-18,25.3,6.0,14.1
2021-07-19,25.0,1.1,6.9
2021-07-20,27.1,0.2,7.9
2021-07-21,25.6,7.2,7.7
2021-07-22,24.5,0.0,5.6
2021-07-23,24.6,0.0,5.4
2021-07-24,25.1,0.2,7.7
2021-07-25,24.9,4.7,11.2
2021-07-26,27.8,0.2,6.1
2021-07-27,27.9,0.3,5.4
2021-07-28,24.8,0.5,5.8
2021-07-29,23.4,6.8,12.5
2021-07-30,24.9,0.1,5.8
2021-07-31,22.1,0.0,7.3
2021-08-01,22.6,2.0,10.0
2021-08-02,23.1,0.2,5.8
2021-08-03,23.4,0.2,7.2
2021-08-04,22.8,0.2,9.3
2021-08-05,23.4,0.0,9.3
2021-08-06,25.5,0.0,7.4
2021-08-07,25.8,0.1,7.6
2021-08-08,22.2,9.8,14.3
2021-08-09,23.7,3.0,9.4
2021-08-10,25.1,8.4,5.4
2021-08-11,27.1,5.7,8.3
2021-08-12,28.5,0.4,9.3
2021-08-13,30.1,0.2,8.9
2021-08-14,28.8,3.5,7.8
2021-08-15,25.9,0.0,10.5
2021-08-16,24.7,0.0,11.2
2021-08-17,24.8,0.1,11.3
2021-08-18,25.4,1.1,10.0
2021-08-19,27.0,4.6,17.0
2021-08-20,26.2,2.5,5.3
2021-08-21,25.6,45.6,6.4
2021-08-22,23.2,65.4,11.1
2021-08-23,25.2,34.7,12.9
2021-08-24,28.6,0.2,6.0
2021-08-25,28.9,0.0,4.6
2021-08-26,29.0,0.0,7.7
2021-08-27,28.0,7.2,6.2
2021-08-28,23.7,8.2,21.2
2021-08-29,22.4,0.6,11.0
2021-08-30,25.9,7.1,6.7
2021-08-31,27.0,0.0,5.3
2021-09-01,22.8,59.6,16.4
2021-09-02,21.6,12.8,7.5
2021-09-03,21.1,0.2,7.8
2021-09-04,22.5,0.0,8.5
2021-09-05,22.3,0.9,11.3
2021-09-06,24.9,0.9,11.3
2021-09-07,24.0,0.0,8.0
2021-09-08,24.8,2.9,14.0
2021-09-09,22.1,12.6,6.1
2021-09-10,22.1,0.2,4.1
2021-09-11,22.1,0.2,11.7
2021-09-12,23.9,0.0,19.1
2021-09-13,26.2,4.5,8.8
2021-09-14,23.6,0.0,7.5
2021-09-15,25.9,1.9,8.2
2021-09-16,23.8,3.5,16.4
2021-09-17,22.8,1.3,18.1
2021-09-18,25.2,0.8,6.6
2021-09-19,23.2,0.1,6.5
2021-09-20,21.8,0.0,8.1
2021-09-21,22.3,0.7,10.6
2021-09-22,24.2,1.3,11.0
2021-09-23,24.0,18.1,15.3
2021-09-24,19.9,16.6,9.5
2021-09-25,21.4,0.0,6.0
2021-09-26,20.8,0.2,8.6
2021-09-27,21.7,0.0,17.9
2021-09-28,20.9,13.2,10.4
2021-09-29,18.4,0.0,8.5
2021-09-30,17.9,0.0,5.1
2021-10-01,16.7,0.0,8.1
2021-10-02,19.4,0.0,11.1
2021-10-03,21.5,0.0,7.0
2021-10-04,20.6,9.8,13.9
2021-10-05,17.9,0.2,14.4
2021-10-06,19.3,0.1,7.1
2021-10-07,20.8,0.9,5.7
2021-10-08,21.1,0.2,8.3
2021-10-09,18.9,1.1,20.8
2021-10-10,18.4,5.7,23.1
2021-10-11,20.0,0.2,20.6
2021-10-12,19.5,0.1,10.8
2021-10-13,19.6,0.1,6.8
2021-10-14,22.0,1.2,5.8
2021-10-15,22.5,0.0,4.6
2021-10-16,21.4,7.4,10.1
2021-10-17,15.3,0.7,12.1
2021-10-18,13.3,0.0,8.4
2021-10-19,15.1,0.0,14.1
2021-10-20,20.0,0.0,13.8
2021-10-21,19.9,0.0,9.8
2021-10-22,19.1,1.0,12.0
2021-10-23,14.4,0.5,9.3
2021-10-24,13.6,0.0,6.5
2021-10-25,19.7,7.0,5.6
2021-10-26,16.0,54.4,13.7
2021-10-27,15.3,10.0,11.1
2021-10-28,13.9,0.0,10.6
2021-10-29,12.9,4.1,28.2
2021-10-30,16.0,3.8,16.4
2021-10-31,15.8,2.0,13.6
2021-11-01,14.6,0.0,11.6
2021-11-02,11.6,0.3,12.7
2021-11-03,9.8,0.0,8.4
2021-11-04,9.7,0.0,9.7
2021-11-05,10.1,0.0,8.9
2021-11-06,10.8,0.0,10.2
2021-11-07,11.3,0.2,5.1
2021-11-08,14.5,0.0,4.5
2021-11-09,15.6,0.0,8.2
2021-11-10,16.0,0.7,6.3
2021-11-11,13.6,0.1,13.4
2021-11-12,16.4,10.9,15.1
2021-11-13,10.9,7.2,15.8
2021-11-14,6.3,1.0,16.0
2021-11-15,5.8,0.4,18.1
2021-11-16,5.3,0.0,16.1
2021-11-17,8.1,0.0,12.5
2021-11-18,13.7,0.9,17.4
2021-11-19,6.7,3.8,19.5
2021-11-20,4.7,0.0,8.6
2021-11-21,8.8,0.3,10.4
2021-11-22,8.4,1.3,17.6
2021-11-23,2.2,0.1,20.8
2021-11-24,2.5,0.0,13.1
2021-11-25,5.9,0.0,10.5
2021-11-26,5.7,7.3,20.1
2021-11-27,2.4,0.0,19.7
2021-11-28,2.7,1.5,5.6
2021-11-29,2.8,0.0,15.1
2021-11-30,1.5,0.4,9.0
2021-12-01,4.8,0.0,12.3
2021-12-02,10.4,4.4,20.5
2021-12-03,5.0,0.0,18.0
2021-12-04,4.6,0.0,8.5
2021-12-05,4.6,0.0,8.3
2021-12-06,12.9,2.9,24.7
2021-12-07,3.2,0.0,13.0
2021-12-08,2.8,1.1,6.7
2021-12-09,1.6,0.0,11.9
2021-12-10,5.4,0.0,8.7
2021-12-11,12.6,12.7,22.7
2021-12-12,6.2,0.0,19.8
2021-12-13,5.7,0.0,17.5
2021-12-14,5.8,0.0,12.4
2021-12-15,7.2,0.4,15.0
2021-12-16,12.1,0.0,20.9
2021-12-17,10.7,0.3,15.6
2021-12-18,6.3,1.8,9.2
2021-12-19,3.8,0.3,20.9
2021-12-20,-1.2,0.0,10.7
2021-12-21,1.9,0.2,7.7
2021-12-22,4.3,6.8,17.8
2021-12-23,0.1,0.0,12.8
2021-12-24,2.6,0.8,7.0
2021-12-25,7.0,10.8,10.4
2021-12-26,6.0,0.0,18.5
2021-12-27,1.4,5.3,8.9
2021-12-28,6.1,3.4,8.0
2021-12-29,6.3,7.7,9.4
2021-12-30,6.4,1.7,5.7
2021-12-31,8.2,0.3,8.0
2022-01-01,9.7,24.0,7.8
2022-01-02,9.1,5.2,15.7
2022-01-03,-1.9,2.5,22.7
2022-01-04,-2.8,0.0,11.1
2022-01-05,3.0,3.3,13.3
2022-01-06,1.5,0.0,14.7
2022-01-07,-1.2,8.1,20.5
2022-01-08,-6.0,0.0,12.0
2022-01-09,1.5,3.2,17.6
2022-01-10,-2.1,0.0,20.6
2022-01-11,-7.2,0.0,18.1
2022-01-12,-1.2,0.0,16.1
2022-01-13,1.1,0.0,7.3
2022-01-14,1.3,0.0,24.2
2022-01-15,-8.2,0.0,18.2
2022-01-16,-4.4,5.1,15.6
2022-01-17,3.8,27.1,31.6
2022-01-18,-1.0,0.0,21.7
2022-01-19,2.3,0.0,16.8
2022-01-20,-0.1,7.8,18.1
2022-01-21,-8.7,0.0,20.2
2022-01-22,-6.5,0.0,12.6
2022-01-23,-2.0,0.1,12.1
2022-01-24,-1.8,0.1,10.5
2022-01-25,1.3,0.0,12.2
2022-01-26,-5.6,0.0,14.5
2022-01-27,-4.5,0.0,11.0
2022-01-28,-1.2,2.0,8.8
2022-01-29,-8.8,17.6,29.7
2022-01-30,-10.3,0.0,14.9
2022-01-31,-10.7,0.0,8.6
2022-02-01,-3.2,0.0,13.0
2022-02-02,4.1,0.0,8.6
2022-02-03,6.9,8.7,4.8
2022-02-04,5.2,13.7,11.1
2022-02-05,-2.7,0.1,5.8
2022-02-06,-2.7,0.0,9.2
2022-02-07,2.3,4.2,9.5
2022-02-08,4.0,0.4,9.7
2022-02-09,3.1,0.0,8.5
2022-02-10,7.4,0.1,12.0
2022-02-11,8.3,0.0,8.2
2022-02-12,11.0,0.0,14.0
2022-02-13,1.3,4.5,10.4
2022-02-14,-4.0,0.0,9.6
2022-02-15,-3.3,0.2,11.6
2022-02-16,3.1,0.0,9.8
2022-02-17,13.1,3.2,15.2
2022-02-18,7.9,10.3,14.2
2022-02-19,0.3,0.0,13.3
2022-02-20,-1.0,0.0,14.0
2022-02-21,5.3,0.0,8.1
2022-02-22,8.9,6.5,13.5
2022-02-23,13.8,0.0,12.1
2022-02-24,1.1,0.2,11.5
2022-02-25,1.7,11.2,14.8
2022-02-26,-0.1,0.0,12.0
2022-02-27,3.5,0.7,18.9
2022-02-28,1.3,0.0,8.9
2022-03-01,4.4,0.2,10.7
2022-03-02,7.9,0.0,9.4
2022-03-03,4.7,1.9,10.3
2022-03-04,-0.4,0.0,11.8
2022-03-05,4.1,0.0,7.7
2022-03-06,12.4,1.9,15.1
2022-03-07,17.8,4.1,15.5
2022-03-08,7.3,0.2,8.4
2022-03-09,3.5,11.4,13.3
2022-03-10,5.0,0.0,7.5
2022-03-11,7.2,0.2,7.7
2022-03-12,2.9,13.8,6.5
2022-03-13,-3.1,0.0,24.1
2022-03-14,6.8,0.0,10.2
2022-03-15,11.9,0.5,7.0
2022-03-16,12.9,0.7,9.1
2022-03-17,9.5,2.2,17.8
2022-03-18,13.2,0.2,7.4
2022-03-19,14.0,17.9,8.2
2022-03-20,12.2,0.2,10.5
2022-03-21,11.8,0.9,7.7
2022-03-22,11.5,0.0,6.2
2022-03-23,6.8,4.1,17.9
2022-03-24,6.4,15.6,27.1
2022-03-25,10.1,1.0,12.9
2022-03-26,9.6,1.8,16.6
2022-03-27,5.1,0.2,11.3
2022-03-28,-1.0,1.7,9.6
2022-03-29,0.4,0.2,11.4
2022-03-30,1.7,0.0,11.8
2022-03-31,13.1,3.0,24.7
2022-04-01,11.1,1.5,25.0
2022-04-02,5.6,0.0,16.4
2022-04-03,5.7,5.3,10.4
2022-04-04,7.3,0.0,17.5
2022-04-05,6.9,0.3,9.5
2022-04-06,8.8,17.7,23.9
2022-04-07,9.4,21.2,23.0
2022-04-08,13.1,14.7,11.1
2022-04-09,10.5,4.2,10.2
2022-04-10,8.7,1.1,7.0
2022-04-11,9.8,0.4,7.1
2022-04-12,14.4,0.7,7.1
2022-04-13,15.3,0.2,10.0
2022-04-14,20.1,3.9,9.9
2022-04-15,15.4,0.2,12.5
2022-04-16,14.8,1.7,10.9
2022-04-17,8.7,0.9,6.9
2022-04-18,8.0,5.2,16.7
2022-04-19,7.8,22.7,20.7
2022-04-20,10.6,0.0,13.5
2022-04-21,11.1,2.4,13.4
2022-04-22,15.9,0.0,7.7
2022-04-23,13.6,0.2,10.7
2022-04-24,12.8,0.0,12.6
2022-04-25,11.3,0.2,12.5
2022-04-26,12.8,2.6,9.3
2022-04-27,11.2,0.7,7.3
2022-04-28,9.7,0.2,6.5
2022-04-29,11.9,0.2,7.5
2022-04-30,13.4,0.7,7.6
2022-05-01,13.8,1.8,9.1
2022-05-02,12.4,5.6,12.0
2022-05-03,13.3,0.0,12.3
2022-05-04,13.1,3.1,8.6
2022-05-05,17.3,0.4,6.8
2022-05-06,13.2,19.5,9.4
2022-05-07,9.7,16.5,26.7
2022-05-08,11.4,3.9,22.8
2022-05-09,14.8,0.0,23.2
2022-05-10,16.3,0.5,22.3
2022-05-11,16.5,0.0,14.7
2022-05-12,17.2,0.0,11.1
2022-05-13,16.8,2.3,11.6
2022-05-14,16.7,7.0,5.7
2022-05-15,18.5,0.2,5.1
2022-05-16,19.6,1.7,9.6
2022-05-17,19.3,0.0,11.5
2022-05-18,17.9,0.0,7.3
2022-05-19,15.2,15.9,7.9
2022-05-20,16.9,1.4,11.4
2022-05-21,23.4,0.0,6.4
2022-05-22,26.4,5.0,8.2
2022-05-23,20.6,0.0,10.9
2022-05-24,17.0,0.0,13.8
2022-05-25,16.1,0.0,10.6
2022-05-26,17.3,0.0,11.1
2022-05-27,20.5,6.5,8.3
2022-05-28,20.7,12.2,8.6
2022-05-29,21.0,0.0,7.2
2022-05-30,23.7,0.0,6.8
2022-05-31,27.6,0.0,10.5
2022-06-01,18.2,1.3,16.2
2022-06-02,20.3,21.3,6.4
2022-06-03,20.5,0.4,7.6
2022-06-04,20.5,0.0,7.7
2022-06-05,21.0,0.0,10.0
2022-06-06,22.3,0.0,12.1
2022-06-07,21.0,4.8,14.6
2022-06-08,24.2,2.2,12.4
2022-06-09,23.8,8.5,12.4
2022-06-10,22.4,0.0,9.5
2022-06-11,21.7,0.3,8.9
2022-06-12,20.0,8.1,9.3
2022-06-13,24.4,0.5,5.5
2022-06-14,24.1,0.0,10.8
2022-06-15,22.6,0.0,11.1
2022-06-16,20.3,5.3,13.6
2022-06-17,25.8,0.0,12.6
2022-06-18,19.3,0.0,25.2
2022-06-19,17.8,0.0,23.1
2022-06-20,20.0,0.0,13.1
2022-06-21,20.2,1.8,6.4
2022-06-22,19.0,15.9,16.7
2022-06-23,19.5,0.5,14.9
2022-06-24,20.3,0.0,9.1
2022-06-25,24.1,0.0,9.8
2022-06-26,24.7,0.0,18.4
2022-06-27,23.7,12.5,15.4
2022-06-28,22.2,0.0,11.0
2022-06-29,23.1,0.0,8.7
2022-06-30,23.8,0.0,11.7
2022-07-01,26.7,0.0,18.7
2022-07-02,26.5,19.3,15.7
2022-07-03,26.0,,11.2
2022-07-04,26.2,,13.8
2022-07-05,22.5,,14.0
2022-07-06,24.2,,14.4
2022-07-07,24.7,,12.4
2022-07-08,25.8,,13.8
